Gene,p_value
mnmE,0.020689655
group_527,0.040640394
group_750,0.040640394
group_1897,0.020689655
pqqE,0.020689655
group_1906,0.00862069
group_2625,0.004926108
group_5275,0.004926108
group_1383,0.039408867
group_5199,0.039408867
group_1870,0.020197044
group_1890,0.020197044
group_2686,0.020197044
group_57,0.020197044
group_2627,0.006896552
group_2629,0.006896552
group_2656,0.006896552
